parameterName,parameterField,unit,variationPercent,baseParameterValue,modifiedParameterValue,netPresentCostUsd,changeInNpcUsd,changeInNpcPercent,lossOfLoadProbability,isFeasible
PV CAPEX,photovoltaicCapitalCostUsdPerKilowattPeak,USD/kWp,-20,650,520,7366425.87498586,-189618,-2.50948781051585,0.00996955859969559,1
PV CAPEX,photovoltaicCapitalCostUsdPerKilowattPeak,USD/kWp,-15,650,552.5,7413830.37498586,-142213.5,-1.88211585788689,0.00996955859969559,1
PV CAPEX,photovoltaicCapitalCostUsdPerKilowattPeak,USD/kWp,-10,650,585,7461234.87498586,-94809,-1.25474390525793,0.00996955859969559,1
PV CAPEX,photovoltaicCapitalCostUsdPerKilowattPeak,USD/kWp,-5,650,617.5,7508639.37498586,-47404.5,-0.627371952628964,0.00996955859969559,1
PV CAPEX,photovoltaicCapitalCostUsdPerKilowattPeak,USD/kWp,0,650,650,7556043.87498586,0,0,0.00996955859969559,1
PV CAPEX,photovoltaicCapitalCostUsdPerKilowattPeak,USD/kWp,5,650,682.5,7603448.37498586,47404.5,0.627371952628964,0.00996955859969559,1
PV CAPEX,photovoltaicCapitalCostUsdPerKilowattPeak,USD/kWp,10,650,715,7650852.87498586,94809,1.25474390525793,0.00996955859969559,1
PV CAPEX,photovoltaicCapitalCostUsdPerKilowattPeak,USD/kWp,15,650,747.5,7698257.37498586,142213.5,1.88211585788689,0.00996955859969559,1
PV CAPEX,photovoltaicCapitalCostUsdPerKilowattPeak,USD/kWp,20,650,780,7745661.87498586,189618,2.50948781051585,0.00996955859969559,1
BESS energy CAPEX,batteryEnergyCapitalCostUsdPerKilowattHour,USD/kWh,-20,280,224,7540936.44010775,-15107.4348781081,-0.19993842185222,0.00996955859969559,1
BESS energy CAPEX,batteryEnergyCapitalCostUsdPerKilowattHour,USD/kWh,-15,280,238,7544713.29882728,-11330.5761585804,-0.149953816389156,0.00996955859969559,1
BESS energy CAPEX,batteryEnergyCapitalCostUsdPerKilowattHour,USD/kWh,-10,280,252,7548490.1575468,-7553.71743905451,-0.0999692109261164,0.00996955859969559,1
BESS energy CAPEX,batteryEnergyCapitalCostUsdPerKilowattHour,USD/kWh,-5,280,266,7552267.01626633,-3776.85871952679,-0.049984605463052,0.00996955859969559,1
BESS energy CAPEX,batteryEnergyCapitalCostUsdPerKilowattHour,USD/kWh,0,280,280,7556043.87498586,0,0,0.00996955859969559,1
BESS energy CAPEX,batteryEnergyCapitalCostUsdPerKilowattHour,USD/kWh,5,280,294,7559820.73370539,3776.85871952772,0.0499846054630644,0.00996955859969559,1
BESS energy CAPEX,batteryEnergyCapitalCostUsdPerKilowattHour,USD/kWh,10,280,308,7563597.59242491,7553.71743905265,0.0999692109260917,0.00996955859969559,1
BESS energy CAPEX,batteryEnergyCapitalCostUsdPerKilowattHour,USD/kWh,15,280,322,7567374.45114444,11330.5761585804,0.149953816389156,0.00996955859969559,1
BESS energy CAPEX,batteryEnergyCapitalCostUsdPerKilowattHour,USD/kWh,20,280,336,7571151.30986397,15107.4348781072,0.199938421852208,0.00996955859969559,1
Diesel-generator CAPEX,dieselGeneratorCapitalCostUsdPerKilowatt,USD/kW,-20,350,280,7544736.73096148,-11307.1440243768,-0.149643705243809,0.00996955859969559,1
Diesel-generator CAPEX,dieselGeneratorCapitalCostUsdPerKilowatt,USD/kW,-15,350,297.5,7547563.51696758,-8480.35801828187,-0.112232778932848,0.00996955859969559,1
Diesel-generator CAPEX,dieselGeneratorCapitalCostUsdPerKilowatt,USD/kW,-10,350,315,7550390.30297367,-5653.57201218884,-0.0748218526219109,0.00996955859969559,1
Diesel-generator CAPEX,dieselGeneratorCapitalCostUsdPerKilowatt,USD/kW,-5,350,332.5,7553217.08897976,-2826.78600609396,-0.0374109263109493,0.00996955859969559,1
Diesel-generator CAPEX,dieselGeneratorCapitalCostUsdPerKilowatt,USD/kW,0,350,350,7556043.87498586,0,0,0.00996955859969559,1
Diesel-generator CAPEX,dieselGeneratorCapitalCostUsdPerKilowatt,USD/kW,5,350,367.5,7558870.66099195,2826.78600609396,0.0374109263109493,0.00996955859969559,1
Diesel-generator CAPEX,dieselGeneratorCapitalCostUsdPerKilowatt,USD/kW,10,350,385,7561697.44699805,5653.57201218884,0.0748218526219109,0.00996955859969559,1
Diesel-generator CAPEX,dieselGeneratorCapitalCostUsdPerKilowatt,USD/kW,15,350,402.5,7564524.23300414,8480.35801828187,0.112232778932848,0.00996955859969559,1
Diesel-generator CAPEX,dieselGeneratorCapitalCostUsdPerKilowatt,USD/kW,20,350,420,7567351.01901023,11307.1440243758,0.149643705243797,0.00996955859969559,1
Land purchase cost,landPurchaseCostUsdPerAcre,USD/acre,-20,50000,40000,7496283.13512909,-59760.7398567693,-0.790899852429472,0.00996955859969559,1
Land purchase cost,landPurchaseCostUsdPerAcre,USD/acre,-15,50000,42500,7511223.32009328,-44820.5548925763,-0.593174889322095,0.00996955859969559,1
Land purchase cost,landPurchaseCostUsdPerAcre,USD/acre,-10,50000,45000,7526163.50505747,-29880.3699283851,-0.395449926214742,0.00996955859969559,1
Land purchase cost,landPurchaseCostUsdPerAcre,USD/acre,-5,50000,47500,7541103.69002167,-14940.1849641921,-0.197724963107365,0.00996955859969559,1
Land purchase cost,landPurchaseCostUsdPerAcre,USD/acre,0,50000,50000,7556043.87498586,0,0,0.00996955859969559,1
Land purchase cost,landPurchaseCostUsdPerAcre,USD/acre,5,50000,52500,7570984.05995005,14940.1849641921,0.197724963107365,0.00996955859969559,1
Land purchase cost,landPurchaseCostUsdPerAcre,USD/acre,10,50000,55000,7585924.24491424,29880.3699283833,0.395449926214718,0.00996955859969559,1
Land purchase cost,landPurchaseCostUsdPerAcre,USD/acre,15,50000,57500,7600864.42987843,44820.5548925744,0.59317488932207,0.00996955859969559,1
Land purchase cost,landPurchaseCostUsdPerAcre,USD/acre,20,50000,60000,7615804.61484263,59760.7398567675,0.790899852429448,0.00996955859969559,1
Diesel fuel price,dieselFuelPriceBdtPerLitre,BDT/L,-20,115,92,7509822.35909612,-46221.5158897368,-0.611715821856888,0.00996955859969559,1
Diesel fuel price,dieselFuelPriceBdtPerLitre,BDT/L,-15,115,97.75,7521377.73806856,-34666.1369173033,-0.458786866392676,0.00996955859969559,1
Diesel fuel price,dieselFuelPriceBdtPerLitre,BDT/L,-10,115,103.5,7532933.11704099,-23110.7579448679,-0.305857910928438,0.00996955859969559,1
Diesel fuel price,dieselFuelPriceBdtPerLitre,BDT/L,-5,115,109.25,7544488.49601342,-11555.3789724344,-0.152928955464225,0.00996955859969559,1
Diesel fuel price,dieselFuelPriceBdtPerLitre,BDT/L,0,115,115,7556043.87498586,0,0,0.00996955859969559,1
Diesel fuel price,dieselFuelPriceBdtPerLitre,BDT/L,5,115,120.75,7567599.25395829,11555.3789724335,0.152928955464213,0.00996955859969559,1
Diesel fuel price,dieselFuelPriceBdtPerLitre,BDT/L,10,115,126.5,7579154.63293073,23110.7579448679,0.305857910928438,0.00996955859969559,1
Diesel fuel price,dieselFuelPriceBdtPerLitre,BDT/L,15,115,132.25,7590710.01190316,34666.1369173033,0.458786866392676,0.00996955859969559,1
Diesel fuel price,dieselFuelPriceBdtPerLitre,BDT/L,20,115,138,7602265.3908756,46221.5158897378,0.611715821856901,0.00996955859969559,1
Grid import tariff,importTariffBdtPerKilowattHour,BDT/kWh,-20,8.6,6.88,6440090.24218863,-1115953.63279723,-14.76902002239,0.00996955859969559,1
Grid import tariff,importTariffBdtPerKilowattHour,BDT/kWh,-15,8.6,7.31,6719078.65038794,-836965.224597923,-11.0767650167925,0.00996955859969559,1
Grid import tariff,importTariffBdtPerKilowattHour,BDT/kWh,-10,8.6,7.74,6998067.05858724,-557976.816398616,-7.38451001119498,0.00996955859969559,1
Grid import tariff,importTariffBdtPerKilowattHour,BDT/kWh,-5,8.6,8.17,7277055.46678655,-278988.408199307,-3.69225500559747,0.00996955859969559,1
Grid import tariff,importTariffBdtPerKilowattHour,BDT/kWh,0,8.6,8.6,7556043.87498586,0,0,0.00996955859969559,1
Grid import tariff,importTariffBdtPerKilowattHour,BDT/kWh,5,8.6,9.03,7835032.28318517,278988.40819931,3.69225500559752,0.00996955859969559,1
Grid import tariff,importTariffBdtPerKilowattHour,BDT/kWh,10,8.6,9.46,8114020.69138448,557976.816398621,7.38451001119504,0.00996955859969559,1
Grid import tariff,importTariffBdtPerKilowattHour,BDT/kWh,15,8.6,9.89,8393009.09958379,836965.224597927,11.0767650167925,0.00996955859969559,1
Grid import tariff,importTariffBdtPerKilowattHour,BDT/kWh,20,8.6,10.32,8671997.50778309,1115953.63279724,14.76902002239,0.00996955859969559,1
Real discount rate,realDiscountRateFraction,%,-20,9,7.2,8678647.64906715,1122603.77408129,14.8570309100196,0.00996955859969559,1
Real discount rate,realDiscountRateFraction,%,-15,9,7.65,8369800.40164232,813756.526656464,10.7696109249761,0.00996955859969559,1
Real discount rate,realDiscountRateFraction,%,-10,9,8.1,8080741.40204851,524697.527062647,6.94407729419953,0.00996955859969559,1
Real discount rate,realDiscountRateFraction,%,-5,9,8.55,7809951.99493495,253908.119949088,3.36033146643901,0.00996955859969559,1
Real discount rate,realDiscountRateFraction,%,0,9,9,7556043.87498586,0,0,0.00996955859969559,1
Real discount rate,realDiscountRateFraction,%,5,9,9.45,7317746.95860211,-238296.916383748,-3.15372594874185,0.00996955859969559,1
Real discount rate,realDiscountRateFraction,%,10,9,9.9,7093898.45819543,-462145.41679043,-6.11623522092498,0.00996955859969559,1
Real discount rate,realDiscountRateFraction,%,15,9,10.35,6883433.03333672,-672610.841649142,-8.90162699922651,0.00996955859969559,1
Real discount rate,realDiscountRateFraction,%,20,9,10.8,6685373.90677141,-870669.968214445,-11.5228283824129,0.00996955859969559,1
