date,year,month,dayOfMonth,monthName,meanDemand_MW
2025-01-01,2025,1,1,January,4.03338249825126
2025-01-02,2025,1,2,January,4.27930723198118
2025-01-03,2025,1,3,January,4.07743528593526
2025-01-04,2025,1,4,January,4.12780338726856
2025-01-05,2025,1,5,January,4.02600830986444
2025-01-06,2025,1,6,January,4.1815793976781
2025-01-07,2025,1,7,January,4.08245560115884
2025-01-08,2025,1,8,January,4.26872681219598
2025-01-09,2025,1,9,January,4.18254200961693
2025-01-10,2025,1,10,January,4.00546650260531
2025-01-11,2025,1,11,January,3.98615411746234
2025-01-12,2025,1,12,January,4.3869259922948
2025-01-13,2025,1,13,January,4.46778756505219
2025-01-14,2025,1,14,January,4.01784321031116
2025-01-15,2025,1,15,January,3.98384845289245
2025-01-16,2025,1,16,January,4.09896992118789
2025-01-17,2025,1,17,January,4.05991391512553
2025-01-18,2025,1,18,January,4.16373019632211
2025-01-19,2025,1,19,January,4.03365525800478
2025-01-20,2025,1,20,January,4.09456875558232
2025-01-21,2025,1,21,January,3.98448596794554
2025-01-22,2025,1,22,January,3.83821804339944
2025-01-23,2025,1,23,January,4.06770475235575
2025-01-24,2025,1,24,January,3.9949622214969
2025-01-25,2025,1,25,January,4.17264896313537
2025-01-26,2025,1,26,January,3.99979568674328
2025-01-27,2025,1,27,January,4.2294898885941
2025-01-28,2025,1,28,January,4.14578384643694
2025-01-29,2025,1,29,January,3.78883126504984
2025-01-30,2025,1,30,January,4.22321173042858
2025-01-31,2025,1,31,January,3.90131450906527
2025-02-01,2025,2,1,February,4.28031277199486
2025-02-02,2025,2,2,February,4.71494875209993
2025-02-03,2025,2,3,February,4.53294318033007
2025-02-04,2025,2,4,February,4.46212718371492
2025-02-05,2025,2,5,February,4.28529313935593
2025-02-06,2025,2,6,February,4.19559595661711
2025-02-07,2025,2,7,February,4.19614827592228
2025-02-08,2025,2,8,February,4.2652052486177
2025-02-09,2025,2,9,February,4.09947494136508
2025-02-10,2025,2,10,February,4.29121555546366
2025-02-11,2025,2,11,February,4.11360825949013
2025-02-12,2025,2,12,February,4.53929949600974
2025-02-13,2025,2,13,February,4.44881078879465
2025-02-14,2025,2,14,February,4.53400515794419
2025-02-15,2025,2,15,February,4.30856178897581
2025-02-16,2025,2,16,February,4.44826822970129
2025-02-17,2025,2,17,February,4.48564026973704
2025-02-18,2025,2,18,February,4.58161644199854
2025-02-19,2025,2,19,February,4.91466112099547
2025-02-20,2025,2,20,February,4.76743730683471
2025-02-21,2025,2,21,February,4.86131491869967
2025-02-22,2025,2,22,February,5.17113303934084
2025-02-23,2025,2,23,February,4.85253189284031
2025-02-24,2025,2,24,February,4.87076649116362
2025-02-25,2025,2,25,February,4.50001430004883
2025-02-26,2025,2,26,February,4.50422242909459
2025-02-27,2025,2,27,February,4.37236617919541
2025-02-28,2025,2,28,February,4.48411738629887
2025-03-01,2025,3,1,March,4.82335174336857
2025-03-02,2025,3,2,March,4.93325864655894
2025-03-03,2025,3,3,March,5.37416634548794
2025-03-04,2025,3,4,March,4.94954430854306
2025-03-05,2025,3,5,March,5.01259387823282
2025-03-06,2025,3,6,March,5.04351599748599
2025-03-07,2025,3,7,March,4.70566472521182
2025-03-08,2025,3,8,March,5.02699517570119
2025-03-09,2025,3,9,March,5.01508764585018
2025-03-10,2025,3,10,March,5.31589479133015
2025-03-11,2025,3,11,March,5.33273373205051
2025-03-12,2025,3,12,March,5.26319332821245
2025-03-13,2025,3,13,March,5.61249338539996
2025-03-14,2025,3,14,March,5.51466527596907
2025-03-15,2025,3,15,March,5.68834323296671
2025-03-16,2025,3,16,March,5.2354229117835
2025-03-17,2025,3,17,March,5.57116246748313
2025-03-18,2025,3,18,March,5.27607658401123
2025-03-19,2025,3,19,March,5.983317223912
2025-03-20,2025,3,20,March,5.62106597100566
2025-03-21,2025,3,21,March,5.3948619548303
2025-03-22,2025,3,22,March,5.09450722803485
2025-03-23,2025,3,23,March,5.2892257966521
2025-03-24,2025,3,24,March,5.20777879652634
2025-03-25,2025,3,25,March,5.47704001809254
2025-03-26,2025,3,26,March,5.57281059783079
2025-03-27,2025,3,27,March,5.91006356723613
2025-03-28,2025,3,28,March,5.69582147890835
2025-03-29,2025,3,29,March,5.36433008151342
2025-03-30,2025,3,30,March,6.13984433223818
2025-03-31,2025,3,31,March,6.06558291536484
2025-04-01,2025,4,1,April,5.6386961297779
2025-04-02,2025,4,2,April,5.85254031998845
2025-04-03,2025,4,3,April,5.85884648617744
2025-04-04,2025,4,4,April,5.74407733262128
2025-04-05,2025,4,5,April,5.86808463001014
2025-04-06,2025,4,6,April,5.67631908215086
2025-04-07,2025,4,7,April,5.68636724719055
2025-04-08,2025,4,8,April,5.08377630963788
2025-04-09,2025,4,9,April,6.00775487487056
2025-04-10,2025,4,10,April,5.75695171067958
2025-04-11,2025,4,11,April,5.63378011853976
2025-04-12,2025,4,12,April,5.9022073419928
2025-04-13,2025,4,13,April,5.51596590635667
2025-04-14,2025,4,14,April,5.62841289340794
2025-04-15,2025,4,15,April,5.67266515212306
2025-04-16,2025,4,16,April,5.2952905502375
2025-04-17,2025,4,17,April,5.15173451777973
2025-04-18,2025,4,18,April,5.08216373927944
2025-04-19,2025,4,19,April,4.79085496279481
2025-04-20,2025,4,20,April,5.4632805365216
2025-04-21,2025,4,21,April,5.4617615556335
2025-04-22,2025,4,22,April,5.3818009188921
2025-04-23,2025,4,23,April,5.81344971731943
2025-04-24,2025,4,24,April,5.70313790287772
2025-04-25,2025,4,25,April,5.35095215139117
2025-04-26,2025,4,26,April,5.92438642851933
2025-04-27,2025,4,27,April,5.53175079629938
2025-04-28,2025,4,28,April,5.41805096644086
2025-04-29,2025,4,29,April,5.44270393017491
2025-04-30,2025,4,30,April,5.01993123795979
2025-05-01,2025,5,1,May,4.44216328177663
2025-05-02,2025,5,2,May,4.31069646483168
2025-05-03,2025,5,3,May,4.52597679383795
2025-05-04,2025,5,4,May,4.56813001029743
2025-05-05,2025,5,5,May,4.46413796231474
2025-05-06,2025,5,6,May,4.62081791427472
2025-05-07,2025,5,7,May,4.60541181238996
2025-05-08,2025,5,8,May,4.66084970953292
2025-05-09,2025,5,9,May,4.66421562561858
2025-05-10,2025,5,10,May,5.06326954258307
2025-05-11,2025,5,11,May,5.44578972183534
2025-05-12,2025,5,12,May,5.13307744745748
2025-05-13,2025,5,13,May,5.07063016691952
2025-05-14,2025,5,14,May,5.12706736576399
2025-05-15,2025,5,15,May,5.05331152656673
2025-05-16,2025,5,16,May,5.23940035286781
2025-05-17,2025,5,17,May,5.20506609613808
2025-05-18,2025,5,18,May,4.72926723412237
2025-05-19,2025,5,19,May,4.96441261540176
2025-05-20,2025,5,20,May,4.8507139702907
2025-05-21,2025,5,21,May,4.56911582746393
2025-05-22,2025,5,22,May,4.59453768470666
2025-05-23,2025,5,23,May,4.75345637499825
2025-05-24,2025,5,24,May,4.69926585165265
2025-05-25,2025,5,25,May,4.71573765252733
2025-05-26,2025,5,26,May,4.75079192580729
2025-05-27,2025,5,27,May,5.21395072964718
2025-05-28,2025,5,28,May,4.61834139878264
2025-05-29,2025,5,29,May,4.66681868950385
2025-05-30,2025,5,30,May,4.80296357022278
2025-05-31,2025,5,31,May,5.16984180162292
2025-06-01,2025,6,1,June,4.73288439121625
2025-06-02,2025,6,2,June,5.00357385174169
2025-06-03,2025,6,3,June,4.97168332336604
2025-06-04,2025,6,4,June,4.70794033607641
2025-06-05,2025,6,5,June,4.84152171808459
2025-06-06,2025,6,6,June,4.6402764269481
2025-06-07,2025,6,7,June,4.8689803324237
2025-06-08,2025,6,8,June,5.05029202725659
2025-06-09,2025,6,9,June,5.04071415300939
2025-06-10,2025,6,10,June,4.6793016080499
2025-06-11,2025,6,11,June,5.09326995468297
2025-06-12,2025,6,12,June,4.62554659120405
2025-06-13,2025,6,13,June,4.54656576819533
2025-06-14,2025,6,14,June,4.45236646897023
2025-06-15,2025,6,15,June,4.9492919526004
2025-06-16,2025,6,16,June,4.87272969159849
2025-06-17,2025,6,17,June,4.44212831956199
2025-06-18,2025,6,18,June,4.78651240859395
2025-06-19,2025,6,19,June,4.5597602229438
2025-06-20,2025,6,20,June,4.77885526652568
2025-06-21,2025,6,21,June,4.48840520120846
2025-06-22,2025,6,22,June,4.84866256876524
2025-06-23,2025,6,23,June,4.69683081186382
2025-06-24,2025,6,24,June,5.19079124714607
2025-06-25,2025,6,25,June,4.46175194715426
2025-06-26,2025,6,26,June,4.58380461114151
2025-06-27,2025,6,27,June,4.35092798415854
2025-06-28,2025,6,28,June,4.84302896701182
2025-06-29,2025,6,29,June,4.71485312461711
2025-06-30,2025,6,30,June,4.53719427686265
2025-07-01,2025,7,1,July,4.63668420811924
2025-07-02,2025,7,2,July,5.02589722344062
2025-07-03,2025,7,3,July,4.71443925268664
2025-07-04,2025,7,4,July,4.66218014949806
2025-07-05,2025,7,5,July,4.47135496341125
2025-07-06,2025,7,6,July,4.32722863059708
2025-07-07,2025,7,7,July,4.83917820703647
2025-07-08,2025,7,8,July,4.85049304625739
2025-07-09,2025,7,9,July,4.5485929541324
2025-07-10,2025,7,10,July,4.36182025176846
2025-07-11,2025,7,11,July,4.2045001486428
2025-07-12,2025,7,12,July,4.80281941100663
2025-07-13,2025,7,13,July,5.04673012595123
2025-07-14,2025,7,14,July,4.7491191520027
2025-07-15,2025,7,15,July,4.85798034807108
2025-07-16,2025,7,16,July,4.87666983241506
2025-07-17,2025,7,17,July,4.27444058882393
2025-07-18,2025,7,18,July,4.48914397572621
2025-07-19,2025,7,19,July,5.03612506115261
2025-07-20,2025,7,20,July,4.97339468926843
2025-07-21,2025,7,21,July,4.68380314907271
2025-07-22,2025,7,22,July,4.70307778874391
2025-07-23,2025,7,23,July,5.35997024638878
2025-07-24,2025,7,24,July,4.91746753506133
2025-07-25,2025,7,25,July,4.6835337081997
2025-07-26,2025,7,26,July,4.85886597448865
2025-07-27,2025,7,27,July,5.02006428320657
2025-07-28,2025,7,28,July,5.03290199494703
2025-07-29,2025,7,29,July,4.60568951936102
2025-07-30,2025,7,30,July,4.64825075995141
2025-07-31,2025,7,31,July,4.55213379465806
2025-08-01,2025,8,1,August,4.60209643380221
2025-08-02,2025,8,2,August,4.83304207808983
2025-08-03,2025,8,3,August,4.80415276129467
2025-08-04,2025,8,4,August,4.98832635604246
2025-08-05,2025,8,5,August,4.78830247374663
2025-08-06,2025,8,6,August,4.64750083436406
2025-08-07,2025,8,7,August,4.50988384953224
2025-08-08,2025,8,8,August,4.29860334475225
2025-08-09,2025,8,9,August,4.40550527877765
2025-08-10,2025,8,10,August,4.44550656809902
2025-08-11,2025,8,11,August,5.2421328632374
2025-08-12,2025,8,12,August,4.69485823465334
2025-08-13,2025,8,13,August,5.14963511838943
2025-08-14,2025,8,14,August,4.82122744667429
2025-08-15,2025,8,15,August,4.55106993503344
2025-08-16,2025,8,16,August,4.72330502373188
2025-08-17,2025,8,17,August,4.61513159269745
2025-08-18,2025,8,18,August,4.70327103639974
2025-08-19,2025,8,19,August,4.62216288536696
2025-08-20,2025,8,20,August,4.70339205701886
2025-08-21,2025,8,21,August,4.49145200115202
2025-08-22,2025,8,22,August,4.17358623730722
2025-08-23,2025,8,23,August,4.5452893977267
2025-08-24,2025,8,24,August,4.0659757456914
2025-08-25,2025,8,25,August,4.72647883608027
2025-08-26,2025,8,26,August,4.77412727836259
2025-08-27,2025,8,27,August,5.01710477934457
2025-08-28,2025,8,28,August,4.61385417684317
2025-08-29,2025,8,29,August,4.10179351153351
2025-08-30,2025,8,30,August,4.80848299303389
2025-08-31,2025,8,31,August,4.475846008193
2025-09-01,2025,9,1,September,4.93169090679619
2025-09-02,2025,9,2,September,5.2470459687195
2025-09-03,2025,9,3,September,4.85038041546043
2025-09-04,2025,9,4,September,4.60786851439392
2025-09-05,2025,9,5,September,4.55494914669756
2025-09-06,2025,9,6,September,4.87144887157743
2025-09-07,2025,9,7,September,4.71327655031014
2025-09-08,2025,9,8,September,4.6971277287324
2025-09-09,2025,9,9,September,4.84520549495782
2025-09-10,2025,9,10,September,5.12644665741584
2025-09-11,2025,9,11,September,4.94692491416034
2025-09-12,2025,9,12,September,4.67984507008053
2025-09-13,2025,9,13,September,4.53818836707599
2025-09-14,2025,9,14,September,4.58918966636923
2025-09-15,2025,9,15,September,4.68845189042941
2025-09-16,2025,9,16,September,4.22614207693427
2025-09-17,2025,9,17,September,4.4818354703874
2025-09-18,2025,9,18,September,4.74907416666095
2025-09-19,2025,9,19,September,4.79219973647625
2025-09-20,2025,9,20,September,4.94858406719716
2025-09-21,2025,9,21,September,4.92053277305326
2025-09-22,2025,9,22,September,4.48717282412381
2025-09-23,2025,9,23,September,4.45921606650478
2025-09-24,2025,9,24,September,4.7692625996592
2025-09-25,2025,9,25,September,4.92428167907315
2025-09-26,2025,9,26,September,4.87513739745332
2025-09-27,2025,9,27,September,4.80684569883585
2025-09-28,2025,9,28,September,4.63483970408532
2025-09-29,2025,9,29,September,4.60851068556666
2025-09-30,2025,9,30,September,4.82641798124475
2025-10-01,2025,10,1,October,4.70029528325331
2025-10-02,2025,10,2,October,4.75219084669088
2025-10-03,2025,10,3,October,4.62735489039408
2025-10-04,2025,10,4,October,4.91548230084653
2025-10-05,2025,10,5,October,4.62301057906296
2025-10-06,2025,10,6,October,4.4518268574927
2025-10-07,2025,10,7,October,4.32624915867491
2025-10-08,2025,10,8,October,4.4195158755582
2025-10-09,2025,10,9,October,4.22837382548358
2025-10-10,2025,10,10,October,4.34365705858551
2025-10-11,2025,10,11,October,4.4271927043539
2025-10-12,2025,10,12,October,4.23547799556707
2025-10-13,2025,10,13,October,4.25728165432697
2025-10-14,2025,10,14,October,4.04401976451081
2025-10-15,2025,10,15,October,4.0855700123305
2025-10-16,2025,10,16,October,4.3469138935906
2025-10-17,2025,10,17,October,4.13596712943745
2025-10-18,2025,10,18,October,4.22828646324114
2025-10-19,2025,10,19,October,4.38721145147478
2025-10-20,2025,10,20,October,4.55991153020634
2025-10-21,2025,10,21,October,4.21800158991789
2025-10-22,2025,10,22,October,4.57568725858117
2025-10-23,2025,10,23,October,4.15487458396615
2025-10-24,2025,10,24,October,4.27492342841696
2025-10-25,2025,10,25,October,4.42882223066498
2025-10-26,2025,10,26,October,4.36507421337114
2025-10-27,2025,10,27,October,4.43216249684189
2025-10-28,2025,10,28,October,4.60056123383766
2025-10-29,2025,10,29,October,5.09399286221761
2025-10-30,2025,10,30,October,4.51589461590119
2025-10-31,2025,10,31,October,4.57550485153246
2025-11-01,2025,11,1,November,4.58588529611775
2025-11-02,2025,11,2,November,4.34668828250696
2025-11-03,2025,11,3,November,4.19805319802993
2025-11-04,2025,11,4,November,4.04122498177657
2025-11-05,2025,11,5,November,3.88572764781808
2025-11-06,2025,11,6,November,4.11596306570173
2025-11-07,2025,11,7,November,3.95683928419757
2025-11-08,2025,11,8,November,3.94902022301885
2025-11-09,2025,11,9,November,3.75849269442315
2025-11-10,2025,11,10,November,3.47782375096256
2025-11-11,2025,11,11,November,3.57694468979366
2025-11-12,2025,11,12,November,3.51548034982193
2025-11-13,2025,11,13,November,3.59862648405459
2025-11-14,2025,11,14,November,3.44060957325072
2025-11-15,2025,11,15,November,3.50553409356051
2025-11-16,2025,11,16,November,3.42816599807083
2025-11-17,2025,11,17,November,3.80091244731053
2025-11-18,2025,11,18,November,3.68356766340897
2025-11-19,2025,11,19,November,3.57476404454052
2025-11-20,2025,11,20,November,3.6694218719181
2025-11-21,2025,11,21,November,3.44444438876052
2025-11-22,2025,11,22,November,3.35387313288369
2025-11-23,2025,11,23,November,3.45419595868603
2025-11-24,2025,11,24,November,3.39444937991308
2025-11-25,2025,11,25,November,3.29409992164317
2025-11-26,2025,11,26,November,3.39080056387421
2025-11-27,2025,11,27,November,3.39007677647792
2025-11-28,2025,11,28,November,3.27091918403375
2025-11-29,2025,11,29,November,3.73755379059552
2025-11-30,2025,11,30,November,3.50516829705794
2025-12-01,2025,12,1,December,3.43989752615603
2025-12-02,2025,12,2,December,3.18690554312576
2025-12-03,2025,12,3,December,3.30656384493967
2025-12-04,2025,12,4,December,3.26086248593153
2025-12-05,2025,12,5,December,3.16193616205081
2025-12-06,2025,12,6,December,3.35079889015826
2025-12-07,2025,12,7,December,3.2300320578277
2025-12-08,2025,12,8,December,3.37967457549414
2025-12-09,2025,12,9,December,3.40205065535184
2025-12-10,2025,12,10,December,3.19203094763558
2025-12-11,2025,12,11,December,3.3775301359365
2025-12-12,2025,12,12,December,3.37366437960877
2025-12-13,2025,12,13,December,3.34010535880698
2025-12-14,2025,12,14,December,3.61039586011153
2025-12-15,2025,12,15,December,3.51446056247373
2025-12-16,2025,12,16,December,3.24312584902648
2025-12-17,2025,12,17,December,3.08734687766358
2025-12-18,2025,12,18,December,3.42236742986443
2025-12-19,2025,12,19,December,3.04870815207126
2025-12-20,2025,12,20,December,3.42950544676973
2025-12-21,2025,12,21,December,3.58119675537187
2025-12-22,2025,12,22,December,3.38409355423788
2025-12-23,2025,12,23,December,3.39300498287012
2025-12-24,2025,12,24,December,3.36117179776057
2025-12-25,2025,12,25,December,3.33102004639996
2025-12-26,2025,12,26,December,3.3750670437972
2025-12-27,2025,12,27,December,3.4951479331644
2025-12-28,2025,12,28,December,3.23109403975358
2025-12-29,2025,12,29,December,3.48866265482705
2025-12-30,2025,12,30,December,3.42341639594929
2025-12-31,2025,12,31,December,3.2979737072902
