Month,MeanWarmthWeight,Mean_MW,Peak_MW,Min_MW,Energy_MWh,LoadFactor
1,0.0137319283212268,4.09369520307879,5.63095493063216,3.03313190110283,3045.70923109062,0.726998396099613
2,0.196822707728236,4.50291573223733,6.03319223025681,3.3568385197877,3025.95937206349,0.746357079367527
3,0.748736445298626,5.37130368186428,7.36915482644612,3.7681189632123,3996.24993930703,0.728890057050771
4,0.998754494870515,5.54525651492154,7.41968841574716,4.03116451247534,3992.58469074351,0.74737053690187
5,0.997104298697408,4.81610410070184,7.27668165268375,2.79230771456326,3583.18145092217,0.661854445552883
6,0.951536674744329,4.7453481850993,7.15963511185792,2.83225904435641,3416.6506932715,0.662791903632067
7,0.91592423999687,4.73595325722863,7.1042287532651,2.73912790808209,3523.5492233781,0.666638620702069
8,0.86346623698941,4.64332571409588,7.20967828029213,2.66351327515425,3454.63433128733,0.644040626166155
9,0.878533131582224,4.74660310301443,7.03355712262383,2.6374833447641,3417.55423417039,0.674851006434101
10,0.73777429107965,4.43004156904295,6.92932323304867,2.5387711781837,3295.95092736795,0.639318071917086
11,0.247139496167443,3.67817756780698,6.29017303659135,1.97607775930229,2648.28784882102,0.584749822685353
12,0.0218691452073476,3.34580037588472,5.4709737640248,1.82035008990734,2489.27547965823,0.611554820073445
